column1;column2;column3;column4;column5;column6;column7;column8
row11;row21;row31;row41;row51;row61;row71;row81
niño1;niño1;niño1;niño1;niño1;niño1;niño1;niño1
niño2;niño2;niño2;niño2;niño2;niño2;niño2;niño2
niño3;niño3;niño3;niño3;niño3;niño3;niño3;niño3
niño4;niño4;niño4;niño4;niño4;niño4;niño4;niño4
niño5;niño5;niño5;niño5;niño5;niño5;niño5;niño5
niño6;niño6;niño6;niño6;niño6;niño6;niño6;niño6
niño7;niño7;niño7;niño7;niño7;niño7;niño7;niño7
niño8;niño8;niño8;niño8;niño8;niño8;niño8;niño8
niño9;niño9;niño9;niño9;niño9;niño9;niño9;niño9
niño10;niño10;niño10;niño10;niño10;niño10;niño10;niño10
niño11;niño11;niño11;niño11;niño11;niño11;niño11;niño11
niño12;niño12;niño12;niño12;niño12;niño12;niño12;niño12
niño13;niño13;niño13;niño13;niño13;niño13;niño13;niño13
niño14;niño14;niño14;niño14;niño14;niño14;niño14;niño14